short_name;character;unicode;styles;keyword;categories
abacus;;f640;regular;abacus;
acorn;;f6ae;regular;acorn;
ad;;f641;regular;ad;
address-book;;f2b9;regular;address-book;
address-card;;f2bb;regular;address-card;
adjust;;f042;regular;adjust;
air-conditioner;;f8f4;regular;air-conditioner;
air-freshener;;f5d0;regular;air-freshener;
alarm-clock;;f34e;regular;alarm-clock;
alarm-exclamation;;f843;regular;alarm-exclamation;
alarm-plus;;f844;regular;alarm-plus;
alarm-snooze;;f845;regular;alarm-snooze;
album;;f89f;regular;album;
album-collection;;f8a0;regular;album-collection;
alicorn;;f6b0;regular;alicorn;
alien;;f8f5;regular;alien;
alien-monster;;f8f6;regular;alien-monster;
align-center;;f037;regular;align-center;
align-justify;;f039;regular;align-justify;
align-left;;f036;regular;align-left;
align-right;;f038;regular;align-right;
align-slash;;f846;regular;align-slash;
allergies;;f461;regular;allergies;
ambulance;;f0f9;regular;ambulance;
american-sign-language-interpreting;;f2a3;regular;american-sign-language-interpreting;
amp-guitar;;f8a1;regular;amp-guitar;
analytics;;f643;regular;analytics;
anchor;;f13d;regular;anchor;
angel;;f779;regular;angel;
angle-double-down;;f103;regular;angle-double-down;
angle-double-left;;f100;regular;angle-double-left;
angle-double-right;;f101;regular;angle-double-right;
angle-double-up;;f102;regular;angle-double-up;
angle-down;;f107;regular;angle-down;
angle-left;;f104;regular;angle-left;
angle-right;;f105;regular;angle-right;
angle-up;;f106;regular;angle-up;
angry;;f556;regular;angry;
ankh;;f644;regular;ankh;
apple-alt;;f5d1;regular;apple-alt;
apple-crate;;f6b1;regular;apple-crate;
archive;;f187;regular;archive;
archway;;f557;regular;archway;
arrow-alt-circle-down;;f358;regular;arrow-alt-circle-down;
arrow-alt-circle-left;;f359;regular;arrow-alt-circle-left;
arrow-alt-circle-right;;f35a;regular;arrow-alt-circle-right;
arrow-alt-circle-up;;f35b;regular;arrow-alt-circle-up;
arrow-alt-down;;f354;regular;arrow-alt-down;
arrow-alt-from-bottom;;f346;regular;arrow-alt-from-bottom;
arrow-alt-from-left;;f347;regular;arrow-alt-from-left;
arrow-alt-from-right;;f348;regular;arrow-alt-from-right;
arrow-alt-from-top;;f349;regular;arrow-alt-from-top;
arrow-alt-left;;f355;regular;arrow-alt-left;
arrow-alt-right;;f356;regular;arrow-alt-right;
arrow-alt-square-down;;f350;regular;arrow-alt-square-down;
arrow-alt-square-left;;f351;regular;arrow-alt-square-left;
arrow-alt-square-right;;f352;regular;arrow-alt-square-right;
arrow-alt-square-up;;f353;regular;arrow-alt-square-up;
arrow-alt-to-bottom;;f34a;regular;arrow-alt-to-bottom;
arrow-alt-to-left;;f34b;regular;arrow-alt-to-left;
arrow-alt-to-right;;f34c;regular;arrow-alt-to-right;
arrow-alt-to-top;;f34d;regular;arrow-alt-to-top;
arrow-alt-up;;f357;regular;arrow-alt-up;
arrow-circle-down;;f0ab;regular;arrow-circle-down;
arrow-circle-left;;f0a8;regular;arrow-circle-left;
arrow-circle-right;;f0a9;regular;arrow-circle-right;
arrow-circle-up;;f0aa;regular;arrow-circle-up;
arrow-down;;f063;regular;arrow-down;
arrow-from-bottom;;f342;regular;arrow-from-bottom;
arrow-from-left;;f343;regular;arrow-from-left;
arrow-from-right;;f344;regular;arrow-from-right;
arrow-from-top;;f345;regular;arrow-from-top;
arrow-left;;f060;regular;arrow-left;
arrow-right;;f061;regular;arrow-right;
arrow-square-down;;f339;regular;arrow-square-down;
arrow-square-left;;f33a;regular;arrow-square-left;
arrow-square-right;;f33b;regular;arrow-square-right;
arrow-square-up;;f33c;regular;arrow-square-up;
arrow-to-bottom;;f33d;regular;arrow-to-bottom;
arrow-to-left;;f33e;regular;arrow-to-left;
arrow-to-right;;f340;regular;arrow-to-right;
arrow-to-top;;f341;regular;arrow-to-top;
arrow-up;;f062;regular;arrow-up;
arrows;;f047;regular;arrows;
arrows-alt;;f0b2;regular;arrows-alt;
arrows-alt-h;;f337;regular;arrows-alt-h;
arrows-alt-v;;f338;regular;arrows-alt-v;
arrows-h;;f07e;regular;arrows-h;
arrows-v;;f07d;regular;arrows-v;
assistive-listening-systems;;f2a2;regular;assistive-listening-systems;
asterisk;;f069;regular;asterisk;
at;;f1fa;regular;at;
atlas;;f558;regular;atlas;
atom;;f5d2;regular;atom;
atom-alt;;f5d3;regular;atom-alt;
audio-description;;f29e;regular;audio-description;
award;;f559;regular;award;
axe;;f6b2;regular;axe;
axe-battle;;f6b3;regular;axe-battle;
baby;;f77c;regular;baby;
baby-carriage;;f77d;regular;baby-carriage;
backpack;;f5d4;regular;backpack;
backspace;;f55a;regular;backspace;
backward;;f04a;regular;backward;
bacon;;f7e5;regular;bacon;
bacteria;;e059;regular;bacteria;
bacterium;;e05a;regular;bacterium;
badge;;f335;regular;badge;
badge-check;;f336;regular;badge-check;
badge-dollar;;f645;regular;badge-dollar;
badge-percent;;f646;regular;badge-percent;
badge-sheriff;;f8a2;regular;badge-sheriff;
badger-honey;;f6b4;regular;badger-honey;
bags-shopping;;f847;regular;bags-shopping;
bahai;;f666;regular;bahai;
balance-scale;;f24e;regular;balance-scale;
balance-scale-left;;f515;regular;balance-scale-left;
balance-scale-right;;f516;regular;balance-scale-right;
ball-pile;;f77e;regular;ball-pile;
ballot;;f732;regular;ballot;
ballot-check;;f733;regular;ballot-check;
ban;;f05e;regular;ban;
band-aid;;f462;regular;band-aid;
banjo;;f8a3;regular;banjo;
barcode;;f02a;regular;barcode;
barcode-alt;;f463;regular;barcode-alt;
barcode-read;;f464;regular;barcode-read;
barcode-scan;;f465;regular;barcode-scan;
bars;;f0c9;regular;bars;
baseball;;f432;regular;baseball;
baseball-ball;;f433;regular;baseball-ball;
basketball-ball;;f434;regular;basketball-ball;
basketball-hoop;;f435;regular;basketball-hoop;
bat;;f6b5;regular;bat;
bath;;f2cd;regular;bath;
battery-bolt;;f376;regular;battery-bolt;
battery-empty;;f244;regular;battery-empty;
battery-full;;f240;regular;battery-full;
battery-half;;f242;regular;battery-half;
battery-quarter;;f243;regular;battery-quarter;
battery-slash;;f377;regular;battery-slash;
battery-three-quarters;;f241;regular;battery-three-quarters;
bed;;f236;regular;bed;
bed-alt;;f8f7;regular;bed-alt;
bed-bunk;;f8f8;regular;bed-bunk;
bed-empty;;f8f9;regular;bed-empty;
beer;;f0fc;regular;beer;
bell;;f0f3;regular;bell;
bell-exclamation;;f848;regular;bell-exclamation;
bell-on;;f8fa;regular;bell-on;
bell-plus;;f849;regular;bell-plus;
bell-school;;f5d5;regular;bell-school;
bell-school-slash;;f5d6;regular;bell-school-slash;
bell-slash;;f1f6;regular;bell-slash;
bells;;f77f;regular;bells;
betamax;;f8a4;regular;betamax;
bezier-curve;;f55b;regular;bezier-curve;
bible;;f647;regular;bible;
bicycle;;f206;regular;bicycle;
biking;;f84a;regular;biking;
biking-mountain;;f84b;regular;biking-mountain;
binoculars;;f1e5;regular;binoculars;
biohazard;;f780;regular;biohazard;
birthday-cake;;f1fd;regular;birthday-cake;
blanket;;f498;regular;blanket;
blender;;f517;regular;blender;
blender-phone;;f6b6;regular;blender-phone;
blind;;f29d;regular;blind;
blinds;;f8fb;regular;blinds;
blinds-open;;f8fc;regular;blinds-open;
blinds-raised;;f8fd;regular;blinds-raised;
blog;;f781;regular;blog;
bold;;f032;regular;bold;
bolt;;f0e7;regular;bolt;
bomb;;f1e2;regular;bomb;
bone;;f5d7;regular;bone;
bone-break;;f5d8;regular;bone-break;
bong;;f55c;regular;bong;
book;;f02d;regular;book;
book-alt;;f5d9;regular;book-alt;
book-dead;;f6b7;regular;book-dead;
book-heart;;f499;regular;book-heart;
book-medical;;f7e6;regular;book-medical;
book-open;;f518;regular;book-open;
book-reader;;f5da;regular;book-reader;
book-spells;;f6b8;regular;book-spells;
book-user;;f7e7;regular;book-user;
bookmark;;f02e;regular;bookmark;
books;;f5db;regular;books;
books-medical;;f7e8;regular;books-medical;
boombox;;f8a5;regular;boombox;
boot;;f782;regular;boot;
booth-curtain;;f734;regular;booth-curtain;
border-all;;f84c;regular;border-all;
border-bottom;;f84d;regular;border-bottom;
border-center-h;;f89c;regular;border-center-h;
border-center-v;;f89d;regular;border-center-v;
border-inner;;f84e;regular;border-inner;
border-left;;f84f;regular;border-left;
border-none;;f850;regular;border-none;
border-outer;;f851;regular;border-outer;
border-right;;f852;regular;border-right;
border-style;;f853;regular;border-style;
border-style-alt;;f854;regular;border-style-alt;
border-top;;f855;regular;border-top;
bow-arrow;;f6b9;regular;bow-arrow;
bowling-ball;;f436;regular;bowling-ball;
bowling-pins;;f437;regular;bowling-pins;
box;;f466;regular;box;
box-alt;;f49a;regular;box-alt;
box-ballot;;f735;regular;box-ballot;
box-check;;f467;regular;box-check;
box-fragile;;f49b;regular;box-fragile;
box-full;;f49c;regular;box-full;
box-heart;;f49d;regular;box-heart;
box-open;;f49e;regular;box-open;
box-tissue;;e05b;regular;box-tissue;
box-up;;f49f;regular;box-up;
box-usd;;f4a0;regular;box-usd;
boxes;;f468;regular;boxes;
boxes-alt;;f4a1;regular;boxes-alt;
boxing-glove;;f438;regular;boxing-glove;
brackets;;f7e9;regular;brackets;
brackets-curly;;f7ea;regular;brackets-curly;
braille;;f2a1;regular;braille;
brain;;f5dc;regular;brain;
bread-loaf;;f7eb;regular;bread-loaf;
bread-slice;;f7ec;regular;bread-slice;
briefcase;;f0b1;regular;briefcase;
briefcase-medical;;f469;regular;briefcase-medical;
bring-forward;;f856;regular;bring-forward;
bring-front;;f857;regular;bring-front;
broadcast-tower;;f519;regular;broadcast-tower;
broom;;f51a;regular;broom;
browser;;f37e;regular;browser;
brush;;f55d;regular;brush;
bug;;f188;regular;bug;
building;;f1ad;regular;building;
bullhorn;;f0a1;regular;bullhorn;
bullseye;;f140;regular;bullseye;
bullseye-arrow;;f648;regular;bullseye-arrow;
bullseye-pointer;;f649;regular;bullseye-pointer;
burger-soda;;f858;regular;burger-soda;
burn;;f46a;regular;burn;
burrito;;f7ed;regular;burrito;
bus;;f207;regular;bus;
bus-alt;;f55e;regular;bus-alt;
bus-school;;f5dd;regular;bus-school;
business-time;;f64a;regular;business-time;
cabinet-filing;;f64b;regular;cabinet-filing;
cactus;;f8a7;regular;cactus;
calculator;;f1ec;regular;calculator;
calculator-alt;;f64c;regular;calculator-alt;
calendar;;f133;regular;calendar;
calendar-alt;;f073;regular;calendar-alt;
calendar-check;;f274;regular;calendar-check;
calendar-day;;f783;regular;calendar-day;
calendar-edit;;f333;regular;calendar-edit;
calendar-exclamation;;f334;regular;calendar-exclamation;
calendar-minus;;f272;regular;calendar-minus;
calendar-plus;;f271;regular;calendar-plus;
calendar-star;;f736;regular;calendar-star;
calendar-times;;f273;regular;calendar-times;
calendar-week;;f784;regular;calendar-week;
camcorder;;f8a8;regular;camcorder;
camera;;f030;regular;camera;
camera-alt;;f332;regular;camera-alt;
camera-home;;f8fe;regular;camera-home;
camera-movie;;f8a9;regular;camera-movie;
camera-polaroid;;f8aa;regular;camera-polaroid;
camera-retro;;f083;regular;camera-retro;
campfire;;f6ba;regular;campfire;
campground;;f6bb;regular;campground;
candle-holder;;f6bc;regular;candle-holder;
candy-cane;;f786;regular;candy-cane;
candy-corn;;f6bd;regular;candy-corn;
cannabis;;f55f;regular;cannabis;
capsules;;f46b;regular;capsules;
car;;f1b9;regular;car;
car-alt;;f5de;regular;car-alt;
car-battery;;f5df;regular;car-battery;
car-building;;f859;regular;car-building;
car-bump;;f5e0;regular;car-bump;
car-bus;;f85a;regular;car-bus;
car-crash;;f5e1;regular;car-crash;
car-garage;;f5e2;regular;car-garage;
car-mechanic;;f5e3;regular;car-mechanic;
car-side;;f5e4;regular;car-side;
car-tilt;;f5e5;regular;car-tilt;
car-wash;;f5e6;regular;car-wash;
caravan;;f8ff;regular;caravan;
caravan-alt;;e000;regular;caravan-alt;
caret-circle-down;;f32d;regular;caret-circle-down;
caret-circle-left;;f32e;regular;caret-circle-left;
caret-circle-right;;f330;regular;caret-circle-right;
caret-circle-up;;f331;regular;caret-circle-up;
caret-down;;f0d7;regular;caret-down;
caret-left;;f0d9;regular;caret-left;
caret-right;;f0da;regular;caret-right;
caret-square-down;;f150;regular;caret-square-down;
caret-square-left;;f191;regular;caret-square-left;
caret-square-right;;f152;regular;caret-square-right;
caret-square-up;;f151;regular;caret-square-up;
caret-up;;f0d8;regular;caret-up;
carrot;;f787;regular;carrot;
cars;;f85b;regular;cars;
cart-arrow-down;;f218;regular;cart-arrow-down;
cart-plus;;f217;regular;cart-plus;
cash-register;;f788;regular;cash-register;
cassette-tape;;f8ab;regular;cassette-tape;
cat;;f6be;regular;cat;
cat-space;;e001;regular;cat-space;
cauldron;;f6bf;regular;cauldron;
cctv;;f8ac;regular;cctv;
certificate;;f0a3;regular;certificate;
chair;;f6c0;regular;chair;
chair-office;;f6c1;regular;chair-office;
chalkboard;;f51b;regular;chalkboard;
chalkboard-teacher;;f51c;regular;chalkboard-teacher;
charging-station;;f5e7;regular;charging-station;
chart-area;;f1fe;regular;chart-area;
chart-bar;;f080;regular;chart-bar;
chart-line;;f201;regular;chart-line;
chart-line-down;;f64d;regular;chart-line-down;
chart-network;;f78a;regular;chart-network;
chart-pie;;f200;regular;chart-pie;
chart-pie-alt;;f64e;regular;chart-pie-alt;
chart-scatter;;f7ee;regular;chart-scatter;
check;;f00c;regular;check;
check-circle;;f058;regular;check-circle;
check-double;;f560;regular;check-double;
check-square;;f14a;regular;check-square;
cheese;;f7ef;regular;cheese;
cheese-swiss;;f7f0;regular;cheese-swiss;
cheeseburger;;f7f1;regular;cheeseburger;
chess;;f439;regular;chess;
chess-bishop;;f43a;regular;chess-bishop;
chess-bishop-alt;;f43b;regular;chess-bishop-alt;
chess-board;;f43c;regular;chess-board;
chess-clock;;f43d;regular;chess-clock;
chess-clock-alt;;f43e;regular;chess-clock-alt;
chess-king;;f43f;regular;chess-king;
chess-king-alt;;f440;regular;chess-king-alt;
chess-knight;;f441;regular;chess-knight;
chess-knight-alt;;f442;regular;chess-knight-alt;
chess-pawn;;f443;regular;chess-pawn;
chess-pawn-alt;;f444;regular;chess-pawn-alt;
chess-queen;;f445;regular;chess-queen;
chess-queen-alt;;f446;regular;chess-queen-alt;
chess-rook;;f447;regular;chess-rook;
chess-rook-alt;;f448;regular;chess-rook-alt;
chevron-circle-down;;f13a;regular;chevron-circle-down;
chevron-circle-left;;f137;regular;chevron-circle-left;
chevron-circle-right;;f138;regular;chevron-circle-right;
chevron-circle-up;;f139;regular;chevron-circle-up;
chevron-double-down;;f322;regular;chevron-double-down;
chevron-double-left;;f323;regular;chevron-double-left;
chevron-double-right;;f324;regular;chevron-double-right;
chevron-double-up;;f325;regular;chevron-double-up;
chevron-down;;f078;regular;chevron-down;
chevron-left;;f053;regular;chevron-left;
chevron-right;;f054;regular;chevron-right;
chevron-square-down;;f329;regular;chevron-square-down;
chevron-square-left;;f32a;regular;chevron-square-left;
chevron-square-right;;f32b;regular;chevron-square-right;
chevron-square-up;;f32c;regular;chevron-square-up;
chevron-up;;f077;regular;chevron-up;
child;;f1ae;regular;child;
chimney;;f78b;regular;chimney;
church;;f51d;regular;church;
circle;;f111;regular;circle;
circle-notch;;f1ce;regular;circle-notch;
city;;f64f;regular;city;
clarinet;;f8ad;regular;clarinet;
claw-marks;;f6c2;regular;claw-marks;
clinic-medical;;f7f2;regular;clinic-medical;
clipboard;;f328;regular;clipboard;
clipboard-check;;f46c;regular;clipboard-check;
clipboard-list;;f46d;regular;clipboard-list;
clipboard-list-check;;f737;regular;clipboard-list-check;
clipboard-prescription;;f5e8;regular;clipboard-prescription;
clipboard-user;;f7f3;regular;clipboard-user;
clock;;f017;regular;clock;
clone;;f24d;regular;clone;
closed-captioning;;f20a;regular;closed-captioning;
cloud;;f0c2;regular;cloud;
cloud-download;;f0ed;regular;cloud-download;
cloud-download-alt;;f381;regular;cloud-download-alt;
cloud-drizzle;;f738;regular;cloud-drizzle;
cloud-hail;;f739;regular;cloud-hail;
cloud-hail-mixed;;f73a;regular;cloud-hail-mixed;
cloud-meatball;;f73b;regular;cloud-meatball;
cloud-moon;;f6c3;regular;cloud-moon;
cloud-moon-rain;;f73c;regular;cloud-moon-rain;
cloud-music;;f8ae;regular;cloud-music;
cloud-rain;;f73d;regular;cloud-rain;
cloud-rainbow;;f73e;regular;cloud-rainbow;
cloud-showers;;f73f;regular;cloud-showers;
cloud-showers-heavy;;f740;regular;cloud-showers-heavy;
cloud-sleet;;f741;regular;cloud-sleet;
cloud-snow;;f742;regular;cloud-snow;
cloud-sun;;f6c4;regular;cloud-sun;
cloud-sun-rain;;f743;regular;cloud-sun-rain;
cloud-upload;;f0ee;regular;cloud-upload;
cloud-upload-alt;;f382;regular;cloud-upload-alt;
clouds;;f744;regular;clouds;
clouds-moon;;f745;regular;clouds-moon;
clouds-sun;;f746;regular;clouds-sun;
club;;f327;regular;club;
cocktail;;f561;regular;cocktail;
code;;f121;regular;code;
code-branch;;f126;regular;code-branch;
code-commit;;f386;regular;code-commit;
code-merge;;f387;regular;code-merge;
coffee;;f0f4;regular;coffee;
coffee-pot;;e002;regular;coffee-pot;
coffee-togo;;f6c5;regular;coffee-togo;
coffin;;f6c6;regular;coffin;
coffin-cross;;e051;regular;coffin-cross;
cog;;f013;regular;cog;
cogs;;f085;regular;cogs;
coin;;f85c;regular;coin;
coins;;f51e;regular;coins;
columns;;f0db;regular;columns;
comet;;e003;regular;comet;
comment;;f075;regular;comment;
comment-alt;;f27a;regular;comment-alt;
comment-alt-check;;f4a2;regular;comment-alt-check;
comment-alt-dollar;;f650;regular;comment-alt-dollar;
comment-alt-dots;;f4a3;regular;comment-alt-dots;
comment-alt-edit;;f4a4;regular;comment-alt-edit;
comment-alt-exclamation;;f4a5;regular;comment-alt-exclamation;
comment-alt-lines;;f4a6;regular;comment-alt-lines;
comment-alt-medical;;f7f4;regular;comment-alt-medical;
comment-alt-minus;;f4a7;regular;comment-alt-minus;
comment-alt-music;;f8af;regular;comment-alt-music;
comment-alt-plus;;f4a8;regular;comment-alt-plus;
comment-alt-slash;;f4a9;regular;comment-alt-slash;
comment-alt-smile;;f4aa;regular;comment-alt-smile;
comment-alt-times;;f4ab;regular;comment-alt-times;
comment-check;;f4ac;regular;comment-check;
comment-dollar;;f651;regular;comment-dollar;
comment-dots;;f4ad;regular;comment-dots;
comment-edit;;f4ae;regular;comment-edit;
comment-exclamation;;f4af;regular;comment-exclamation;
comment-lines;;f4b0;regular;comment-lines;
comment-medical;;f7f5;regular;comment-medical;
comment-minus;;f4b1;regular;comment-minus;
comment-music;;f8b0;regular;comment-music;
comment-plus;;f4b2;regular;comment-plus;
comment-slash;;f4b3;regular;comment-slash;
comment-smile;;f4b4;regular;comment-smile;
comment-times;;f4b5;regular;comment-times;
comments;;f086;regular;comments;
comments-alt;;f4b6;regular;comments-alt;
comments-alt-dollar;;f652;regular;comments-alt-dollar;
comments-dollar;;f653;regular;comments-dollar;
compact-disc;;f51f;regular;compact-disc;
compass;;f14e;regular;compass;
compass-slash;;f5e9;regular;compass-slash;
compress;;f066;regular;compress;
compress-alt;;f422;regular;compress-alt;
compress-arrows-alt;;f78c;regular;compress-arrows-alt;
compress-wide;;f326;regular;compress-wide;
computer-classic;;f8b1;regular;computer-classic;
computer-speaker;;f8b2;regular;computer-speaker;
concierge-bell;;f562;regular;concierge-bell;
construction;;f85d;regular;construction;
container-storage;;f4b7;regular;container-storage;
conveyor-belt;;f46e;regular;conveyor-belt;
conveyor-belt-alt;;f46f;regular;conveyor-belt-alt;
cookie;;f563;regular;cookie;
cookie-bite;;f564;regular;cookie-bite;
copy;;f0c5;regular;copy;
copyright;;f1f9;regular;copyright;
corn;;f6c7;regular;corn;
couch;;f4b8;regular;couch;
cow;;f6c8;regular;cow;
cowbell;;f8b3;regular;cowbell;
cowbell-more;;f8b4;regular;cowbell-more;
credit-card;;f09d;regular;credit-card;
credit-card-blank;;f389;regular;credit-card-blank;
credit-card-front;;f38a;regular;credit-card-front;
cricket;;f449;regular;cricket;
croissant;;f7f6;regular;croissant;
crop;;f125;regular;crop;
crop-alt;;f565;regular;crop-alt;
cross;;f654;regular;cross;
crosshairs;;f05b;regular;crosshairs;
crow;;f520;regular;crow;
crown;;f521;regular;crown;
crutch;;f7f7;regular;crutch;
crutches;;f7f8;regular;crutches;
cube;;f1b2;regular;cube;
cubes;;f1b3;regular;cubes;
curling;;f44a;regular;curling;
cut;;f0c4;regular;cut;
dagger;;f6cb;regular;dagger;
database;;f1c0;regular;database;
deaf;;f2a4;regular;deaf;
debug;;f7f9;regular;debug;
deer;;f78e;regular;deer;
deer-rudolph;;f78f;regular;deer-rudolph;
democrat;;f747;regular;democrat;
desktop;;f108;regular;desktop;
desktop-alt;;f390;regular;desktop-alt;
dewpoint;;f748;regular;dewpoint;
dharmachakra;;f655;regular;dharmachakra;
diagnoses;;f470;regular;diagnoses;
diamond;;f219;regular;diamond;
dice;;f522;regular;dice;
dice-d10;;f6cd;regular;dice-d10;
dice-d12;;f6ce;regular;dice-d12;
dice-d20;;f6cf;regular;dice-d20;
dice-d4;;f6d0;regular;dice-d4;
dice-d6;;f6d1;regular;dice-d6;
dice-d8;;f6d2;regular;dice-d8;
dice-five;;f523;regular;dice-five;
dice-four;;f524;regular;dice-four;
dice-one;;f525;regular;dice-one;
dice-six;;f526;regular;dice-six;
dice-three;;f527;regular;dice-three;
dice-two;;f528;regular;dice-two;
digging;;f85e;regular;digging;
digital-tachograph;;f566;regular;digital-tachograph;
diploma;;f5ea;regular;diploma;
directions;;f5eb;regular;directions;
disc-drive;;f8b5;regular;disc-drive;
disease;;f7fa;regular;disease;
divide;;f529;regular;divide;
dizzy;;f567;regular;dizzy;
dna;;f471;regular;dna;
do-not-enter;;f5ec;regular;do-not-enter;
dog;;f6d3;regular;dog;
dog-leashed;;f6d4;regular;dog-leashed;
dollar-sign;;f155;regular;dollar-sign;
dolly;;f472;regular;dolly;
dolly-empty;;f473;regular;dolly-empty;
dolly-flatbed;;f474;regular;dolly-flatbed;
dolly-flatbed-alt;;f475;regular;dolly-flatbed-alt;
dolly-flatbed-empty;;f476;regular;dolly-flatbed-empty;
donate;;f4b9;regular;donate;
door-closed;;f52a;regular;door-closed;
door-open;;f52b;regular;door-open;
dot-circle;;f192;regular;dot-circle;
dove;;f4ba;regular;dove;
download;;f019;regular;download;
drafting-compass;;f568;regular;drafting-compass;
dragon;;f6d5;regular;dragon;
draw-circle;;f5ed;regular;draw-circle;
draw-polygon;;f5ee;regular;draw-polygon;
draw-square;;f5ef;regular;draw-square;
dreidel;;f792;regular;dreidel;
drone;;f85f;regular;drone;
drone-alt;;f860;regular;drone-alt;
drum;;f569;regular;drum;
drum-steelpan;;f56a;regular;drum-steelpan;
drumstick;;f6d6;regular;drumstick;
drumstick-bite;;f6d7;regular;drumstick-bite;
dryer;;f861;regular;dryer;
dryer-alt;;f862;regular;dryer-alt;
duck;;f6d8;regular;duck;
dumbbell;;f44b;regular;dumbbell;
dumpster;;f793;regular;dumpster;
dumpster-fire;;f794;regular;dumpster-fire;
dungeon;;f6d9;regular;dungeon;
ear;;f5f0;regular;ear;
ear-muffs;;f795;regular;ear-muffs;
eclipse;;f749;regular;eclipse;
eclipse-alt;;f74a;regular;eclipse-alt;
edit;;f044;regular;edit;
egg;;f7fb;regular;egg;
egg-fried;;f7fc;regular;egg-fried;
eject;;f052;regular;eject;
elephant;;f6da;regular;elephant;
ellipsis-h;;f141;regular;ellipsis-h;
ellipsis-h-alt;;f39b;regular;ellipsis-h-alt;
ellipsis-v;;f142;regular;ellipsis-v;
ellipsis-v-alt;;f39c;regular;ellipsis-v-alt;
empty-set;;f656;regular;empty-set;
engine-warning;;f5f2;regular;engine-warning;
envelope;;f0e0;regular;envelope;
envelope-open;;f2b6;regular;envelope-open;
envelope-open-dollar;;f657;regular;envelope-open-dollar;
envelope-open-text;;f658;regular;envelope-open-text;
envelope-square;;f199;regular;envelope-square;
equals;;f52c;regular;equals;
eraser;;f12d;regular;eraser;
ethernet;;f796;regular;ethernet;
euro-sign;;f153;regular;euro-sign;
exchange;;f0ec;regular;exchange;
exchange-alt;;f362;regular;exchange-alt;
exclamation;;f12a;regular;exclamation;
exclamation-circle;;f06a;regular;exclamation-circle;
exclamation-square;;f321;regular;exclamation-square;
exclamation-triangle;;f071;regular;exclamation-triangle;
expand;;f065;regular;expand;
expand-alt;;f424;regular;expand-alt;
expand-arrows;;f31d;regular;expand-arrows;
expand-arrows-alt;;f31e;regular;expand-arrows-alt;
expand-wide;;f320;regular;expand-wide;
external-link;;f08e;regular;external-link;
external-link-alt;;f35d;regular;external-link-alt;
external-link-square;;f14c;regular;external-link-square;
external-link-square-alt;;f360;regular;external-link-square-alt;
eye;;f06e;regular;eye;
eye-dropper;;f1fb;regular;eye-dropper;
eye-evil;;f6db;regular;eye-evil;
eye-slash;;f070;regular;eye-slash;
fan;;f863;regular;fan;
fan-table;;e004;regular;fan-table;
farm;;f864;regular;farm;
fast-backward;;f049;regular;fast-backward;
fast-forward;;f050;regular;fast-forward;
faucet;;e005;regular;faucet;
faucet-drip;;e006;regular;faucet-drip;
fax;;f1ac;regular;fax;
feather;;f52d;regular;feather;
feather-alt;;f56b;regular;feather-alt;
female;;f182;regular;female;
field-hockey;;f44c;regular;field-hockey;
fighter-jet;;f0fb;regular;fighter-jet;
file;;f15b;regular;file;
file-alt;;f15c;regular;file-alt;
file-archive;;f1c6;regular;file-archive;
file-audio;;f1c7;regular;file-audio;
file-certificate;;f5f3;regular;file-certificate;
file-chart-line;;f659;regular;file-chart-line;
file-chart-pie;;f65a;regular;file-chart-pie;
file-check;;f316;regular;file-check;
file-code;;f1c9;regular;file-code;
file-contract;;f56c;regular;file-contract;
file-csv;;f6dd;regular;file-csv;
file-download;;f56d;regular;file-download;
file-edit;;f31c;regular;file-edit;
file-excel;;f1c3;regular;file-excel;
file-exclamation;;f31a;regular;file-exclamation;
file-export;;f56e;regular;file-export;
file-image;;f1c5;regular;file-image;
file-import;;f56f;regular;file-import;
file-invoice;;f570;regular;file-invoice;
file-invoice-dollar;;f571;regular;file-invoice-dollar;
file-medical;;f477;regular;file-medical;
file-medical-alt;;f478;regular;file-medical-alt;
file-minus;;f318;regular;file-minus;
file-music;;f8b6;regular;file-music;
file-pdf;;f1c1;regular;file-pdf;
file-plus;;f319;regular;file-plus;
file-powerpoint;;f1c4;regular;file-powerpoint;
file-prescription;;f572;regular;file-prescription;
file-search;;f865;regular;file-search;
file-signature;;f573;regular;file-signature;
file-spreadsheet;;f65b;regular;file-spreadsheet;
file-times;;f317;regular;file-times;
file-upload;;f574;regular;file-upload;
file-user;;f65c;regular;file-user;
file-video;;f1c8;regular;file-video;
file-word;;f1c2;regular;file-word;
files-medical;;f7fd;regular;files-medical;
fill;;f575;regular;fill;
fill-drip;;f576;regular;fill-drip;
film;;f008;regular;film;
film-alt;;f3a0;regular;film-alt;
film-canister;;f8b7;regular;film-canister;
filter;;f0b0;regular;filter;
fingerprint;;f577;regular;fingerprint;
fire;;f06d;regular;fire;
fire-alt;;f7e4;regular;fire-alt;
fire-extinguisher;;f134;regular;fire-extinguisher;
fire-smoke;;f74b;regular;fire-smoke;
fireplace;;f79a;regular;fireplace;
first-aid;;f479;regular;first-aid;
fish;;f578;regular;fish;
fish-cooked;;f7fe;regular;fish-cooked;
fist-raised;;f6de;regular;fist-raised;
flag;;f024;regular;flag;
flag-alt;;f74c;regular;flag-alt;
flag-checkered;;f11e;regular;flag-checkered;
flag-usa;;f74d;regular;flag-usa;
flame;;f6df;regular;flame;
flashlight;;f8b8;regular;flashlight;
flask;;f0c3;regular;flask;
flask-poison;;f6e0;regular;flask-poison;
flask-potion;;f6e1;regular;flask-potion;
flower;;f7ff;regular;flower;
flower-daffodil;;f800;regular;flower-daffodil;
flower-tulip;;f801;regular;flower-tulip;
flushed;;f579;regular;flushed;
flute;;f8b9;regular;flute;
flux-capacitor;;f8ba;regular;flux-capacitor;
fog;;f74e;regular;fog;
folder;;f07b;regular;folder;
folder-download;;e053;regular;folder-download;
folder-minus;;f65d;regular;folder-minus;
folder-open;;f07c;regular;folder-open;
folder-plus;;f65e;regular;folder-plus;
folder-times;;f65f;regular;folder-times;
folder-tree;;f802;regular;folder-tree;
folder-upload;;e054;regular;folder-upload;
folders;;f660;regular;folders;
font;;f031;regular;font;
font-case;;f866;regular;font-case;
football-ball;;f44e;regular;football-ball;
football-helmet;;f44f;regular;football-helmet;
forklift;;f47a;regular;forklift;
forward;;f04e;regular;forward;
fragile;;f4bb;regular;fragile;
french-fries;;f803;regular;french-fries;
frog;;f52e;regular;frog;
frosty-head;;f79b;regular;frosty-head;
frown;;f119;regular;frown;
frown-open;;f57a;regular;frown-open;
function;;f661;regular;function;
funnel-dollar;;f662;regular;funnel-dollar;
futbol;;f1e3;regular;futbol;
galaxy;;e008;regular;galaxy;
game-board;;f867;regular;game-board;
game-board-alt;;f868;regular;game-board-alt;
game-console-handheld;;f8bb;regular;game-console-handheld;
gamepad;;f11b;regular;gamepad;
gamepad-alt;;f8bc;regular;gamepad-alt;
garage;;e009;regular;garage;
garage-car;;e00a;regular;garage-car;
garage-open;;e00b;regular;garage-open;
gas-pump;;f52f;regular;gas-pump;
gas-pump-slash;;f5f4;regular;gas-pump-slash;
gavel;;f0e3;regular;gavel;
gem;;f3a5;regular;gem;
genderless;;f22d;regular;genderless;
ghost;;f6e2;regular;ghost;
gift;;f06b;regular;gift;
gift-card;;f663;regular;gift-card;
gifts;;f79c;regular;gifts;
gingerbread-man;;f79d;regular;gingerbread-man;
glass;;f804;regular;glass;
glass-champagne;;f79e;regular;glass-champagne;
glass-cheers;;f79f;regular;glass-cheers;
glass-citrus;;f869;regular;glass-citrus;
glass-martini;;f000;regular;glass-martini;
glass-martini-alt;;f57b;regular;glass-martini-alt;
glass-whiskey;;f7a0;regular;glass-whiskey;
glass-whiskey-rocks;;f7a1;regular;glass-whiskey-rocks;
glasses;;f530;regular;glasses;
glasses-alt;;f5f5;regular;glasses-alt;
globe;;f0ac;regular;globe;
globe-africa;;f57c;regular;globe-africa;
globe-americas;;f57d;regular;globe-americas;
globe-asia;;f57e;regular;globe-asia;
globe-europe;;f7a2;regular;globe-europe;
globe-snow;;f7a3;regular;globe-snow;
globe-stand;;f5f6;regular;globe-stand;
golf-ball;;f450;regular;golf-ball;
golf-club;;f451;regular;golf-club;
gopuram;;f664;regular;gopuram;
graduation-cap;;f19d;regular;graduation-cap;
gramophone;;f8bd;regular;gramophone;
greater-than;;f531;regular;greater-than;
greater-than-equal;;f532;regular;greater-than-equal;
grimace;;f57f;regular;grimace;
grin;;f580;regular;grin;
grin-alt;;f581;regular;grin-alt;
grin-beam;;f582;regular;grin-beam;
grin-beam-sweat;;f583;regular;grin-beam-sweat;
grin-hearts;;f584;regular;grin-hearts;
grin-squint;;f585;regular;grin-squint;
grin-squint-tears;;f586;regular;grin-squint-tears;
grin-stars;;f587;regular;grin-stars;
grin-tears;;f588;regular;grin-tears;
grin-tongue;;f589;regular;grin-tongue;
grin-tongue-squint;;f58a;regular;grin-tongue-squint;
grin-tongue-wink;;f58b;regular;grin-tongue-wink;
grin-wink;;f58c;regular;grin-wink;
grip-horizontal;;f58d;regular;grip-horizontal;
grip-lines;;f7a4;regular;grip-lines;
grip-lines-vertical;;f7a5;regular;grip-lines-vertical;
grip-vertical;;f58e;regular;grip-vertical;
guitar;;f7a6;regular;guitar;
guitar-electric;;f8be;regular;guitar-electric;
guitars;;f8bf;regular;guitars;
h-square;;f0fd;regular;h-square;
h1;;f313;regular;h1;
h2;;f314;regular;h2;
h3;;f315;regular;h3;
h4;;f86a;regular;h4;
hamburger;;f805;regular;hamburger;
hammer;;f6e3;regular;hammer;
hammer-war;;f6e4;regular;hammer-war;
hamsa;;f665;regular;hamsa;
hand-heart;;f4bc;regular;hand-heart;
hand-holding;;f4bd;regular;hand-holding;
hand-holding-box;;f47b;regular;hand-holding-box;
hand-holding-heart;;f4be;regular;hand-holding-heart;
hand-holding-magic;;f6e5;regular;hand-holding-magic;
hand-holding-medical;;e05c;regular;hand-holding-medical;
hand-holding-seedling;;f4bf;regular;hand-holding-seedling;
hand-holding-usd;;f4c0;regular;hand-holding-usd;
hand-holding-water;;f4c1;regular;hand-holding-water;
hand-lizard;;f258;regular;hand-lizard;
hand-middle-finger;;f806;regular;hand-middle-finger;
hand-paper;;f256;regular;hand-paper;
hand-peace;;f25b;regular;hand-peace;
hand-point-down;;f0a7;regular;hand-point-down;
hand-point-left;;f0a5;regular;hand-point-left;
hand-point-right;;f0a4;regular;hand-point-right;
hand-point-up;;f0a6;regular;hand-point-up;
hand-pointer;;f25a;regular;hand-pointer;
hand-receiving;;f47c;regular;hand-receiving;
hand-rock;;f255;regular;hand-rock;
hand-scissors;;f257;regular;hand-scissors;
hand-sparkles;;e05d;regular;hand-sparkles;
hand-spock;;f259;regular;hand-spock;
hands;;f4c2;regular;hands;
hands-heart;;f4c3;regular;hands-heart;
hands-helping;;f4c4;regular;hands-helping;
hands-usd;;f4c5;regular;hands-usd;
hands-wash;;e05e;regular;hands-wash;
handshake;;f2b5;regular;handshake;
handshake-alt;;f4c6;regular;handshake-alt;
handshake-alt-slash;;e05f;regular;handshake-alt-slash;
handshake-slash;;e060;regular;handshake-slash;
hanukiah;;f6e6;regular;hanukiah;
hard-hat;;f807;regular;hard-hat;
hashtag;;f292;regular;hashtag;
hat-chef;;f86b;regular;hat-chef;
hat-cowboy;;f8c0;regular;hat-cowboy;
hat-cowboy-side;;f8c1;regular;hat-cowboy-side;
hat-santa;;f7a7;regular;hat-santa;
hat-winter;;f7a8;regular;hat-winter;
hat-witch;;f6e7;regular;hat-witch;
hat-wizard;;f6e8;regular;hat-wizard;
hdd;;f0a0;regular;hdd;
head-side;;f6e9;regular;head-side;
head-side-brain;;f808;regular;head-side-brain;
head-side-cough;;e061;regular;head-side-cough;
head-side-cough-slash;;e062;regular;head-side-cough-slash;
head-side-headphones;;f8c2;regular;head-side-headphones;
head-side-mask;;e063;regular;head-side-mask;
head-side-medical;;f809;regular;head-side-medical;
head-side-virus;;e064;regular;head-side-virus;
head-vr;;f6ea;regular;head-vr;
heading;;f1dc;regular;heading;
headphones;;f025;regular;headphones;
headphones-alt;;f58f;regular;headphones-alt;
headset;;f590;regular;headset;
heart;;f004;regular;heart;
heart-broken;;f7a9;regular;heart-broken;
heart-circle;;f4c7;regular;heart-circle;
heart-rate;;f5f8;regular;heart-rate;
heart-square;;f4c8;regular;heart-square;
heartbeat;;f21e;regular;heartbeat;
heat;;e00c;regular;heat;
helicopter;;f533;regular;helicopter;
helmet-battle;;f6eb;regular;helmet-battle;
hexagon;;f312;regular;hexagon;
highlighter;;f591;regular;highlighter;
hiking;;f6ec;regular;hiking;
hippo;;f6ed;regular;hippo;
history;;f1da;regular;history;
hockey-mask;;f6ee;regular;hockey-mask;
hockey-puck;;f453;regular;hockey-puck;
hockey-sticks;;f454;regular;hockey-sticks;
holly-berry;;f7aa;regular;holly-berry;
home;;f015;regular;home;
home-alt;;f80a;regular;home-alt;
home-heart;;f4c9;regular;home-heart;
home-lg;;f80b;regular;home-lg;
home-lg-alt;;f80c;regular;home-lg-alt;
hood-cloak;;f6ef;regular;hood-cloak;
horizontal-rule;;f86c;regular;horizontal-rule;
horse;;f6f0;regular;horse;
horse-head;;f7ab;regular;horse-head;
horse-saddle;;f8c3;regular;horse-saddle;
hospital;;f0f8;regular;hospital;
hospital-alt;;f47d;regular;hospital-alt;
hospital-symbol;;f47e;regular;hospital-symbol;
hospital-user;;f80d;regular;hospital-user;
hospitals;;f80e;regular;hospitals;
hot-tub;;f593;regular;hot-tub;
hotdog;;f80f;regular;hotdog;
hotel;;f594;regular;hotel;
hourglass;;f254;regular;hourglass;
hourglass-end;;f253;regular;hourglass-end;
hourglass-half;;f252;regular;hourglass-half;
hourglass-start;;f251;regular;hourglass-start;
house;;e00d;regular;house;
house-damage;;f6f1;regular;house-damage;
house-day;;e00e;regular;house-day;
house-flood;;f74f;regular;house-flood;
house-leave;;e00f;regular;house-leave;
house-night;;e010;regular;house-night;
house-return;;e011;regular;house-return;
house-signal;;e012;regular;house-signal;
house-user;;e065;regular;house-user;
hryvnia;;f6f2;regular;hryvnia;
humidity;;f750;regular;humidity;
hurricane;;f751;regular;hurricane;
i-cursor;;f246;regular;i-cursor;
ice-cream;;f810;regular;ice-cream;
ice-skate;;f7ac;regular;ice-skate;
icicles;;f7ad;regular;icicles;
icons;;f86d;regular;icons;
icons-alt;;f86e;regular;icons-alt;
id-badge;;f2c1;regular;id-badge;
id-card;;f2c2;regular;id-card;
id-card-alt;;f47f;regular;id-card-alt;
igloo;;f7ae;regular;igloo;
image;;f03e;regular;image;
image-polaroid;;f8c4;regular;image-polaroid;
images;;f302;regular;images;
inbox;;f01c;regular;inbox;
inbox-in;;f310;regular;inbox-in;
inbox-out;;f311;regular;inbox-out;
indent;;f03c;regular;indent;
industry;;f275;regular;industry;
industry-alt;;f3b3;regular;industry-alt;
infinity;;f534;regular;infinity;
info;;f129;regular;info;
info-circle;;f05a;regular;info-circle;
info-square;;f30f;regular;info-square;
inhaler;;f5f9;regular;inhaler;
integral;;f667;regular;integral;
intersection;;f668;regular;intersection;
inventory;;f480;regular;inventory;
island-tropical;;f811;regular;island-tropical;
italic;;f033;regular;italic;
jack-o-lantern;;f30e;regular;jack-o-lantern;
jedi;;f669;regular;jedi;
joint;;f595;regular;joint;
journal-whills;;f66a;regular;journal-whills;
joystick;;f8c5;regular;joystick;
jug;;f8c6;regular;jug;
kaaba;;f66b;regular;kaaba;
kazoo;;f8c7;regular;kazoo;
kerning;;f86f;regular;kerning;
key;;f084;regular;key;
key-skeleton;;f6f3;regular;key-skeleton;
keyboard;;f11c;regular;keyboard;
keynote;;f66c;regular;keynote;
khanda;;f66d;regular;khanda;
kidneys;;f5fb;regular;kidneys;
kiss;;f596;regular;kiss;
kiss-beam;;f597;regular;kiss-beam;
kiss-wink-heart;;f598;regular;kiss-wink-heart;
kite;;f6f4;regular;kite;
kiwi-bird;;f535;regular;kiwi-bird;
knife-kitchen;;f6f5;regular;knife-kitchen;
lambda;;f66e;regular;lambda;
lamp;;f4ca;regular;lamp;
lamp-desk;;e014;regular;lamp-desk;
lamp-floor;;e015;regular;lamp-floor;
landmark;;f66f;regular;landmark;
landmark-alt;;f752;regular;landmark-alt;
language;;f1ab;regular;language;
laptop;;f109;regular;laptop;
laptop-code;;f5fc;regular;laptop-code;
laptop-house;;e066;regular;laptop-house;
laptop-medical;;f812;regular;laptop-medical;
lasso;;f8c8;regular;lasso;
laugh;;f599;regular;laugh;
laugh-beam;;f59a;regular;laugh-beam;
laugh-squint;;f59b;regular;laugh-squint;
laugh-wink;;f59c;regular;laugh-wink;
layer-group;;f5fd;regular;layer-group;
layer-minus;;f5fe;regular;layer-minus;
layer-plus;;f5ff;regular;layer-plus;
leaf;;f06c;regular;leaf;
leaf-heart;;f4cb;regular;leaf-heart;
leaf-maple;;f6f6;regular;leaf-maple;
leaf-oak;;f6f7;regular;leaf-oak;
lemon;;f094;regular;lemon;
less-than;;f536;regular;less-than;
less-than-equal;;f537;regular;less-than-equal;
level-down;;f149;regular;level-down;
level-down-alt;;f3be;regular;level-down-alt;
level-up;;f148;regular;level-up;
level-up-alt;;f3bf;regular;level-up-alt;
life-ring;;f1cd;regular;life-ring;
light-ceiling;;e016;regular;light-ceiling;
light-switch;;e017;regular;light-switch;
light-switch-off;;e018;regular;light-switch-off;
light-switch-on;;e019;regular;light-switch-on;
lightbulb;;f0eb;regular;lightbulb;
lightbulb-dollar;;f670;regular;lightbulb-dollar;
lightbulb-exclamation;;f671;regular;lightbulb-exclamation;
lightbulb-on;;f672;regular;lightbulb-on;
lightbulb-slash;;f673;regular;lightbulb-slash;
lights-holiday;;f7b2;regular;lights-holiday;
line-columns;;f870;regular;line-columns;
line-height;;f871;regular;line-height;
link;;f0c1;regular;link;
lips;;f600;regular;lips;
lira-sign;;f195;regular;lira-sign;
list;;f03a;regular;list;
list-alt;;f022;regular;list-alt;
list-music;;f8c9;regular;list-music;
list-ol;;f0cb;regular;list-ol;
list-ul;;f0ca;regular;list-ul;
location;;f601;regular;location;
location-arrow;;f124;regular;location-arrow;
location-circle;;f602;regular;location-circle;
location-slash;;f603;regular;location-slash;
lock;;f023;regular;lock;
lock-alt;;f30d;regular;lock-alt;
lock-open;;f3c1;regular;lock-open;
lock-open-alt;;f3c2;regular;lock-open-alt;
long-arrow-alt-down;;f309;regular;long-arrow-alt-down;
long-arrow-alt-left;;f30a;regular;long-arrow-alt-left;
long-arrow-alt-right;;f30b;regular;long-arrow-alt-right;
long-arrow-alt-up;;f30c;regular;long-arrow-alt-up;
long-arrow-down;;f175;regular;long-arrow-down;
long-arrow-left;;f177;regular;long-arrow-left;
long-arrow-right;;f178;regular;long-arrow-right;
long-arrow-up;;f176;regular;long-arrow-up;
loveseat;;f4cc;regular;loveseat;
low-vision;;f2a8;regular;low-vision;
luchador;;f455;regular;luchador;
luggage-cart;;f59d;regular;luggage-cart;
lungs;;f604;regular;lungs;
lungs-virus;;e067;regular;lungs-virus;
mace;;f6f8;regular;mace;
magic;;f0d0;regular;magic;
magnet;;f076;regular;magnet;
mail-bulk;;f674;regular;mail-bulk;
mailbox;;f813;regular;mailbox;
male;;f183;regular;male;
mandolin;;f6f9;regular;mandolin;
map;;f279;regular;map;
map-marked;;f59f;regular;map-marked;
map-marked-alt;;f5a0;regular;map-marked-alt;
map-marker;;f041;regular;map-marker;
map-marker-alt;;f3c5;regular;map-marker-alt;
map-marker-alt-slash;;f605;regular;map-marker-alt-slash;
map-marker-check;;f606;regular;map-marker-check;
map-marker-edit;;f607;regular;map-marker-edit;
map-marker-exclamation;;f608;regular;map-marker-exclamation;
map-marker-minus;;f609;regular;map-marker-minus;
map-marker-plus;;f60a;regular;map-marker-plus;
map-marker-question;;f60b;regular;map-marker-question;
map-marker-slash;;f60c;regular;map-marker-slash;
map-marker-smile;;f60d;regular;map-marker-smile;
map-marker-times;;f60e;regular;map-marker-times;
map-pin;;f276;regular;map-pin;
map-signs;;f277;regular;map-signs;
marker;;f5a1;regular;marker;
mars;;f222;regular;mars;
mars-double;;f227;regular;mars-double;
mars-stroke;;f229;regular;mars-stroke;
mars-stroke-h;;f22b;regular;mars-stroke-h;
mars-stroke-v;;f22a;regular;mars-stroke-v;
mask;;f6fa;regular;mask;
meat;;f814;regular;meat;
medal;;f5a2;regular;medal;
medkit;;f0fa;regular;medkit;
megaphone;;f675;regular;megaphone;
meh;;f11a;regular;meh;
meh-blank;;f5a4;regular;meh-blank;
meh-rolling-eyes;;f5a5;regular;meh-rolling-eyes;
memory;;f538;regular;memory;
menorah;;f676;regular;menorah;
mercury;;f223;regular;mercury;
meteor;;f753;regular;meteor;
microchip;;f2db;regular;microchip;
microphone;;f130;regular;microphone;
microphone-alt;;f3c9;regular;microphone-alt;
microphone-alt-slash;;f539;regular;microphone-alt-slash;
microphone-slash;;f131;regular;microphone-slash;
microphone-stand;;f8cb;regular;microphone-stand;
microscope;;f610;regular;microscope;
microwave;;e01b;regular;microwave;
mind-share;;f677;regular;mind-share;
minus;;f068;regular;minus;
minus-circle;;f056;regular;minus-circle;
minus-hexagon;;f307;regular;minus-hexagon;
minus-octagon;;f308;regular;minus-octagon;
minus-square;;f146;regular;minus-square;
mistletoe;;f7b4;regular;mistletoe;
mitten;;f7b5;regular;mitten;
mobile;;f10b;regular;mobile;
mobile-alt;;f3cd;regular;mobile-alt;
mobile-android;;f3ce;regular;mobile-android;
mobile-android-alt;;f3cf;regular;mobile-android-alt;
money-bill;;f0d6;regular;money-bill;
money-bill-alt;;f3d1;regular;money-bill-alt;
money-bill-wave;;f53a;regular;money-bill-wave;
money-bill-wave-alt;;f53b;regular;money-bill-wave-alt;
money-check;;f53c;regular;money-check;
money-check-alt;;f53d;regular;money-check-alt;
money-check-edit;;f872;regular;money-check-edit;
money-check-edit-alt;;f873;regular;money-check-edit-alt;
monitor-heart-rate;;f611;regular;monitor-heart-rate;
monkey;;f6fb;regular;monkey;
monument;;f5a6;regular;monument;
moon;;f186;regular;moon;
moon-cloud;;f754;regular;moon-cloud;
moon-stars;;f755;regular;moon-stars;
mortar-pestle;;f5a7;regular;mortar-pestle;
mosque;;f678;regular;mosque;
motorcycle;;f21c;regular;motorcycle;
mountain;;f6fc;regular;mountain;
mountains;;f6fd;regular;mountains;
mouse;;f8cc;regular;mouse;
mouse-alt;;f8cd;regular;mouse-alt;
mouse-pointer;;f245;regular;mouse-pointer;
mp3-player;;f8ce;regular;mp3-player;
mug;;f874;regular;mug;
mug-hot;;f7b6;regular;mug-hot;
mug-marshmallows;;f7b7;regular;mug-marshmallows;
mug-tea;;f875;regular;mug-tea;
music;;f001;regular;music;
music-alt;;f8cf;regular;music-alt;
music-alt-slash;;f8d0;regular;music-alt-slash;
music-slash;;f8d1;regular;music-slash;
narwhal;;f6fe;regular;narwhal;
network-wired;;f6ff;regular;network-wired;
neuter;;f22c;regular;neuter;
newspaper;;f1ea;regular;newspaper;
not-equal;;f53e;regular;not-equal;
notes-medical;;f481;regular;notes-medical;
object-group;;f247;regular;object-group;
object-ungroup;;f248;regular;object-ungroup;
octagon;;f306;regular;octagon;
oil-can;;f613;regular;oil-can;
oil-temp;;f614;regular;oil-temp;
om;;f679;regular;om;
omega;;f67a;regular;omega;
ornament;;f7b8;regular;ornament;
otter;;f700;regular;otter;
outdent;;f03b;regular;outdent;
outlet;;e01c;regular;outlet;
oven;;e01d;regular;oven;
overline;;f876;regular;overline;
page-break;;f877;regular;page-break;
pager;;f815;regular;pager;
paint-brush;;f1fc;regular;paint-brush;
paint-brush-alt;;f5a9;regular;paint-brush-alt;
paint-roller;;f5aa;regular;paint-roller;
palette;;f53f;regular;palette;
pallet;;f482;regular;pallet;
pallet-alt;;f483;regular;pallet-alt;
paper-plane;;f1d8;regular;paper-plane;
paperclip;;f0c6;regular;paperclip;
parachute-box;;f4cd;regular;parachute-box;
paragraph;;f1dd;regular;paragraph;
paragraph-rtl;;f878;regular;paragraph-rtl;
parking;;f540;regular;parking;
parking-circle;;f615;regular;parking-circle;
parking-circle-slash;;f616;regular;parking-circle-slash;
parking-slash;;f617;regular;parking-slash;
passport;;f5ab;regular;passport;
pastafarianism;;f67b;regular;pastafarianism;
paste;;f0ea;regular;paste;
pause;;f04c;regular;pause;
pause-circle;;f28b;regular;pause-circle;
paw;;f1b0;regular;paw;
paw-alt;;f701;regular;paw-alt;
paw-claws;;f702;regular;paw-claws;
peace;;f67c;regular;peace;
pegasus;;f703;regular;pegasus;
pen;;f304;regular;pen;
pen-alt;;f305;regular;pen-alt;
pen-fancy;;f5ac;regular;pen-fancy;
pen-nib;;f5ad;regular;pen-nib;
pen-square;;f14b;regular;pen-square;
pencil;;f040;regular;pencil;
pencil-alt;;f303;regular;pencil-alt;
pencil-paintbrush;;f618;regular;pencil-paintbrush;
pencil-ruler;;f5ae;regular;pencil-ruler;
pennant;;f456;regular;pennant;
people-arrows;;e068;regular;people-arrows;
people-carry;;f4ce;regular;people-carry;
pepper-hot;;f816;regular;pepper-hot;
percent;;f295;regular;percent;
percentage;;f541;regular;percentage;
person-booth;;f756;regular;person-booth;
person-carry;;f4cf;regular;person-carry;
person-dolly;;f4d0;regular;person-dolly;
person-dolly-empty;;f4d1;regular;person-dolly-empty;
person-sign;;f757;regular;person-sign;
phone;;f095;regular;phone;
phone-alt;;f879;regular;phone-alt;
phone-laptop;;f87a;regular;phone-laptop;
phone-office;;f67d;regular;phone-office;
phone-plus;;f4d2;regular;phone-plus;
phone-rotary;;f8d3;regular;phone-rotary;
phone-slash;;f3dd;regular;phone-slash;
phone-square;;f098;regular;phone-square;
phone-square-alt;;f87b;regular;phone-square-alt;
phone-volume;;f2a0;regular;phone-volume;
photo-video;;f87c;regular;photo-video;
pi;;f67e;regular;pi;
piano;;f8d4;regular;piano;
piano-keyboard;;f8d5;regular;piano-keyboard;
pie;;f705;regular;pie;
pig;;f706;regular;pig;
piggy-bank;;f4d3;regular;piggy-bank;
pills;;f484;regular;pills;
pizza;;f817;regular;pizza;
pizza-slice;;f818;regular;pizza-slice;
place-of-worship;;f67f;regular;place-of-worship;
plane;;f072;regular;plane;
plane-alt;;f3de;regular;plane-alt;
plane-arrival;;f5af;regular;plane-arrival;
plane-departure;;f5b0;regular;plane-departure;
plane-slash;;e069;regular;plane-slash;
planet-moon;;e01f;regular;planet-moon;
planet-ringed;;e020;regular;planet-ringed;
play;;f04b;regular;play;
play-circle;;f144;regular;play-circle;
plug;;f1e6;regular;plug;
plus;;f067;regular;plus;
plus-circle;;f055;regular;plus-circle;
plus-hexagon;;f300;regular;plus-hexagon;
plus-octagon;;f301;regular;plus-octagon;
plus-square;;f0fe;regular;plus-square;
podcast;;f2ce;regular;podcast;
podium;;f680;regular;podium;
podium-star;;f758;regular;podium-star;
police-box;;e021;regular;police-box;
poll;;f681;regular;poll;
poll-h;;f682;regular;poll-h;
poll-people;;f759;regular;poll-people;
poo;;f2fe;regular;poo;
poo-storm;;f75a;regular;poo-storm;
poop;;f619;regular;poop;
popcorn;;f819;regular;popcorn;
portal-enter;;e022;regular;portal-enter;
portal-exit;;e023;regular;portal-exit;
portrait;;f3e0;regular;portrait;
pound-sign;;f154;regular;pound-sign;
power-off;;f011;regular;power-off;
pray;;f683;regular;pray;
praying-hands;;f684;regular;praying-hands;
prescription;;f5b1;regular;prescription;
prescription-bottle;;f485;regular;prescription-bottle;
prescription-bottle-alt;;f486;regular;prescription-bottle-alt;
presentation;;f685;regular;presentation;
print;;f02f;regular;print;
print-search;;f81a;regular;print-search;
print-slash;;f686;regular;print-slash;
procedures;;f487;regular;procedures;
project-diagram;;f542;regular;project-diagram;
projector;;f8d6;regular;projector;
pump-medical;;e06a;regular;pump-medical;
pump-soap;;e06b;regular;pump-soap;
pumpkin;;f707;regular;pumpkin;
puzzle-piece;;f12e;regular;puzzle-piece;
qrcode;;f029;regular;qrcode;
question;;f128;regular;question;
question-circle;;f059;regular;question-circle;
question-square;;f2fd;regular;question-square;
quidditch;;f458;regular;quidditch;
quote-left;;f10d;regular;quote-left;
quote-right;;f10e;regular;quote-right;
quran;;f687;regular;quran;
rabbit;;f708;regular;rabbit;
rabbit-fast;;f709;regular;rabbit-fast;
racquet;;f45a;regular;racquet;
radar;;e024;regular;radar;
radiation;;f7b9;regular;radiation;
radiation-alt;;f7ba;regular;radiation-alt;
radio;;f8d7;regular;radio;
radio-alt;;f8d8;regular;radio-alt;
rainbow;;f75b;regular;rainbow;
raindrops;;f75c;regular;raindrops;
ram;;f70a;regular;ram;
ramp-loading;;f4d4;regular;ramp-loading;
random;;f074;regular;random;
raygun;;e025;regular;raygun;
receipt;;f543;regular;receipt;
record-vinyl;;f8d9;regular;record-vinyl;
rectangle-landscape;;f2fa;regular;rectangle-landscape;
rectangle-portrait;;f2fb;regular;rectangle-portrait;
rectangle-wide;;f2fc;regular;rectangle-wide;
recycle;;f1b8;regular;recycle;
redo;;f01e;regular;redo;
redo-alt;;f2f9;regular;redo-alt;
refrigerator;;e026;regular;refrigerator;
registered;;f25d;regular;registered;
remove-format;;f87d;regular;remove-format;
repeat;;f363;regular;repeat;
repeat-1;;f365;regular;repeat-1;
repeat-1-alt;;f366;regular;repeat-1-alt;
repeat-alt;;f364;regular;repeat-alt;
reply;;f3e5;regular;reply;
reply-all;;f122;regular;reply-all;
republican;;f75e;regular;republican;
restroom;;f7bd;regular;restroom;
retweet;;f079;regular;retweet;
retweet-alt;;f361;regular;retweet-alt;
ribbon;;f4d6;regular;ribbon;
ring;;f70b;regular;ring;
rings-wedding;;f81b;regular;rings-wedding;
road;;f018;regular;road;
robot;;f544;regular;robot;
rocket;;f135;regular;rocket;
rocket-launch;;e027;regular;rocket-launch;
route;;f4d7;regular;route;
route-highway;;f61a;regular;route-highway;
route-interstate;;f61b;regular;route-interstate;
router;;f8da;regular;router;
rss;;f09e;regular;rss;
rss-square;;f143;regular;rss-square;
ruble-sign;;f158;regular;ruble-sign;
ruler;;f545;regular;ruler;
ruler-combined;;f546;regular;ruler-combined;
ruler-horizontal;;f547;regular;ruler-horizontal;
ruler-triangle;;f61c;regular;ruler-triangle;
ruler-vertical;;f548;regular;ruler-vertical;
running;;f70c;regular;running;
rupee-sign;;f156;regular;rupee-sign;
rv;;f7be;regular;rv;
sack;;f81c;regular;sack;
sack-dollar;;f81d;regular;sack-dollar;
sad-cry;;f5b3;regular;sad-cry;
sad-tear;;f5b4;regular;sad-tear;
salad;;f81e;regular;salad;
sandwich;;f81f;regular;sandwich;
satellite;;f7bf;regular;satellite;
satellite-dish;;f7c0;regular;satellite-dish;
sausage;;f820;regular;sausage;
save;;f0c7;regular;save;
sax-hot;;f8db;regular;sax-hot;
saxophone;;f8dc;regular;saxophone;
scalpel;;f61d;regular;scalpel;
scalpel-path;;f61e;regular;scalpel-path;
scanner;;f488;regular;scanner;
scanner-image;;f8f3;regular;scanner-image;
scanner-keyboard;;f489;regular;scanner-keyboard;
scanner-touchscreen;;f48a;regular;scanner-touchscreen;
scarecrow;;f70d;regular;scarecrow;
scarf;;f7c1;regular;scarf;
school;;f549;regular;school;
screwdriver;;f54a;regular;screwdriver;
scroll;;f70e;regular;scroll;
scroll-old;;f70f;regular;scroll-old;
scrubber;;f2f8;regular;scrubber;
scythe;;f710;regular;scythe;
sd-card;;f7c2;regular;sd-card;
search;;f002;regular;search;
search-dollar;;f688;regular;search-dollar;
search-location;;f689;regular;search-location;
search-minus;;f010;regular;search-minus;
search-plus;;f00e;regular;search-plus;
seedling;;f4d8;regular;seedling;
send-back;;f87e;regular;send-back;
send-backward;;f87f;regular;send-backward;
sensor;;e028;regular;sensor;
sensor-alert;;e029;regular;sensor-alert;
sensor-fire;;e02a;regular;sensor-fire;
sensor-on;;e02b;regular;sensor-on;
sensor-smoke;;e02c;regular;sensor-smoke;
server;;f233;regular;server;
shapes;;f61f;regular;shapes;
share;;f064;regular;share;
share-all;;f367;regular;share-all;
share-alt;;f1e0;regular;share-alt;
share-alt-square;;f1e1;regular;share-alt-square;
share-square;;f14d;regular;share-square;
sheep;;f711;regular;sheep;
shekel-sign;;f20b;regular;shekel-sign;
shield;;f132;regular;shield;
shield-alt;;f3ed;regular;shield-alt;
shield-check;;f2f7;regular;shield-check;
shield-cross;;f712;regular;shield-cross;
shield-virus;;e06c;regular;shield-virus;
ship;;f21a;regular;ship;
shipping-fast;;f48b;regular;shipping-fast;
shipping-timed;;f48c;regular;shipping-timed;
shish-kebab;;f821;regular;shish-kebab;
shoe-prints;;f54b;regular;shoe-prints;
shopping-bag;;f290;regular;shopping-bag;
shopping-basket;;f291;regular;shopping-basket;
shopping-cart;;f07a;regular;shopping-cart;
shovel;;f713;regular;shovel;
shovel-snow;;f7c3;regular;shovel-snow;
shower;;f2cc;regular;shower;
shredder;;f68a;regular;shredder;
shuttle-van;;f5b6;regular;shuttle-van;
shuttlecock;;f45b;regular;shuttlecock;
sickle;;f822;regular;sickle;
sigma;;f68b;regular;sigma;
sign;;f4d9;regular;sign;
sign-in;;f090;regular;sign-in;
sign-in-alt;;f2f6;regular;sign-in-alt;
sign-language;;f2a7;regular;sign-language;
sign-out;;f08b;regular;sign-out;
sign-out-alt;;f2f5;regular;sign-out-alt;
signal;;f012;regular;signal;
signal-1;;f68c;regular;signal-1;
signal-2;;f68d;regular;signal-2;
signal-3;;f68e;regular;signal-3;
signal-4;;f68f;regular;signal-4;
signal-alt;;f690;regular;signal-alt;
signal-alt-1;;f691;regular;signal-alt-1;
signal-alt-2;;f692;regular;signal-alt-2;
signal-alt-3;;f693;regular;signal-alt-3;
signal-alt-slash;;f694;regular;signal-alt-slash;
signal-slash;;f695;regular;signal-slash;
signal-stream;;f8dd;regular;signal-stream;
signature;;f5b7;regular;signature;
sim-card;;f7c4;regular;sim-card;
sink;;e06d;regular;sink;
siren;;e02d;regular;siren;
siren-on;;e02e;regular;siren-on;
sitemap;;f0e8;regular;sitemap;
skating;;f7c5;regular;skating;
skeleton;;f620;regular;skeleton;
ski-jump;;f7c7;regular;ski-jump;
ski-lift;;f7c8;regular;ski-lift;
skiing;;f7c9;regular;skiing;
skiing-nordic;;f7ca;regular;skiing-nordic;
skull;;f54c;regular;skull;
skull-cow;;f8de;regular;skull-cow;
skull-crossbones;;f714;regular;skull-crossbones;
slash;;f715;regular;slash;
sledding;;f7cb;regular;sledding;
sleigh;;f7cc;regular;sleigh;
sliders-h;;f1de;regular;sliders-h;
sliders-h-square;;f3f0;regular;sliders-h-square;
sliders-v;;f3f1;regular;sliders-v;
sliders-v-square;;f3f2;regular;sliders-v-square;
smile;;f118;regular;smile;
smile-beam;;f5b8;regular;smile-beam;
smile-plus;;f5b9;regular;smile-plus;
smile-wink;;f4da;regular;smile-wink;
smog;;f75f;regular;smog;
smoke;;f760;regular;smoke;
smoking;;f48d;regular;smoking;
smoking-ban;;f54d;regular;smoking-ban;
sms;;f7cd;regular;sms;
snake;;f716;regular;snake;
snooze;;f880;regular;snooze;
snow-blowing;;f761;regular;snow-blowing;
snowboarding;;f7ce;regular;snowboarding;
snowflake;;f2dc;regular;snowflake;
snowflakes;;f7cf;regular;snowflakes;
snowman;;f7d0;regular;snowman;
snowmobile;;f7d1;regular;snowmobile;
snowplow;;f7d2;regular;snowplow;
soap;;e06e;regular;soap;
socks;;f696;regular;socks;
solar-panel;;f5ba;regular;solar-panel;
solar-system;;e02f;regular;solar-system;
sort;;f0dc;regular;sort;
sort-alpha-down;;f15d;regular;sort-alpha-down;
sort-alpha-down-alt;;f881;regular;sort-alpha-down-alt;
sort-alpha-up;;f15e;regular;sort-alpha-up;
sort-alpha-up-alt;;f882;regular;sort-alpha-up-alt;
sort-alt;;f883;regular;sort-alt;
sort-amount-down;;f160;regular;sort-amount-down;
sort-amount-down-alt;;f884;regular;sort-amount-down-alt;
sort-amount-up;;f161;regular;sort-amount-up;
sort-amount-up-alt;;f885;regular;sort-amount-up-alt;
sort-circle;;e030;regular;sort-circle;
sort-circle-down;;e031;regular;sort-circle-down;
sort-circle-up;;e032;regular;sort-circle-up;
sort-down;;f0dd;regular;sort-down;
sort-numeric-down;;f162;regular;sort-numeric-down;
sort-numeric-down-alt;;f886;regular;sort-numeric-down-alt;
sort-numeric-up;;f163;regular;sort-numeric-up;
sort-numeric-up-alt;;f887;regular;sort-numeric-up-alt;
sort-shapes-down;;f888;regular;sort-shapes-down;
sort-shapes-down-alt;;f889;regular;sort-shapes-down-alt;
sort-shapes-up;;f88a;regular;sort-shapes-up;
sort-shapes-up-alt;;f88b;regular;sort-shapes-up-alt;
sort-size-down;;f88c;regular;sort-size-down;
sort-size-down-alt;;f88d;regular;sort-size-down-alt;
sort-size-up;;f88e;regular;sort-size-up;
sort-size-up-alt;;f88f;regular;sort-size-up-alt;
sort-up;;f0de;regular;sort-up;
soup;;f823;regular;soup;
spa;;f5bb;regular;spa;
space-shuttle;;f197;regular;space-shuttle;
space-station-moon;;e033;regular;space-station-moon;
space-station-moon-alt;;e034;regular;space-station-moon-alt;
spade;;f2f4;regular;spade;
sparkles;;f890;regular;sparkles;
speaker;;f8df;regular;speaker;
speakers;;f8e0;regular;speakers;
spell-check;;f891;regular;spell-check;
spider;;f717;regular;spider;
spider-black-widow;;f718;regular;spider-black-widow;
spider-web;;f719;regular;spider-web;
spinner;;f110;regular;spinner;
spinner-third;;f3f4;regular;spinner-third;
splotch;;f5bc;regular;splotch;
spray-can;;f5bd;regular;spray-can;
sprinkler;;e035;regular;sprinkler;
square;;f0c8;regular;square;
square-full;;f45c;regular;square-full;
square-root;;f697;regular;square-root;
square-root-alt;;f698;regular;square-root-alt;
squirrel;;f71a;regular;squirrel;
staff;;f71b;regular;staff;
stamp;;f5bf;regular;stamp;
star;;f005;regular;star;
star-and-crescent;;f699;regular;star-and-crescent;
star-christmas;;f7d4;regular;star-christmas;
star-exclamation;;f2f3;regular;star-exclamation;
star-half;;f089;regular;star-half;
star-half-alt;;f5c0;regular;star-half-alt;
star-of-david;;f69a;regular;star-of-david;
star-of-life;;f621;regular;star-of-life;
star-shooting;;e036;regular;star-shooting;
starfighter;;e037;regular;starfighter;
starfighter-alt;;e038;regular;starfighter-alt;
stars;;f762;regular;stars;
starship;;e039;regular;starship;
starship-freighter;;e03a;regular;starship-freighter;
steak;;f824;regular;steak;
steering-wheel;;f622;regular;steering-wheel;
step-backward;;f048;regular;step-backward;
step-forward;;f051;regular;step-forward;
stethoscope;;f0f1;regular;stethoscope;
sticky-note;;f249;regular;sticky-note;
stocking;;f7d5;regular;stocking;
stomach;;f623;regular;stomach;
stop;;f04d;regular;stop;
stop-circle;;f28d;regular;stop-circle;
stopwatch;;f2f2;regular;stopwatch;
stopwatch-20;;e06f;regular;stopwatch-20;
store;;f54e;regular;store;
store-alt;;f54f;regular;store-alt;
store-alt-slash;;e070;regular;store-alt-slash;
store-slash;;e071;regular;store-slash;
stream;;f550;regular;stream;
street-view;;f21d;regular;street-view;
stretcher;;f825;regular;stretcher;
strikethrough;;f0cc;regular;strikethrough;
stroopwafel;;f551;regular;stroopwafel;
subscript;;f12c;regular;subscript;
subway;;f239;regular;subway;
suitcase;;f0f2;regular;suitcase;
suitcase-rolling;;f5c1;regular;suitcase-rolling;
sun;;f185;regular;sun;
sun-cloud;;f763;regular;sun-cloud;
sun-dust;;f764;regular;sun-dust;
sun-haze;;f765;regular;sun-haze;
sunglasses;;f892;regular;sunglasses;
sunrise;;f766;regular;sunrise;
sunset;;f767;regular;sunset;
superscript;;f12b;regular;superscript;
surprise;;f5c2;regular;surprise;
swatchbook;;f5c3;regular;swatchbook;
swimmer;;f5c4;regular;swimmer;
swimming-pool;;f5c5;regular;swimming-pool;
sword;;f71c;regular;sword;
sword-laser;;e03b;regular;sword-laser;
sword-laser-alt;;e03c;regular;sword-laser-alt;
swords;;f71d;regular;swords;
swords-laser;;e03d;regular;swords-laser;
synagogue;;f69b;regular;synagogue;
sync;;f021;regular;sync;
sync-alt;;f2f1;regular;sync-alt;
syringe;;f48e;regular;syringe;
table;;f0ce;regular;table;
table-tennis;;f45d;regular;table-tennis;
tablet;;f10a;regular;tablet;
tablet-alt;;f3fa;regular;tablet-alt;
tablet-android;;f3fb;regular;tablet-android;
tablet-android-alt;;f3fc;regular;tablet-android-alt;
tablet-rugged;;f48f;regular;tablet-rugged;
tablets;;f490;regular;tablets;
tachometer;;f0e4;regular;tachometer;
tachometer-alt;;f3fd;regular;tachometer-alt;
tachometer-alt-average;;f624;regular;tachometer-alt-average;
tachometer-alt-fast;;f625;regular;tachometer-alt-fast;
tachometer-alt-fastest;;f626;regular;tachometer-alt-fastest;
tachometer-alt-slow;;f627;regular;tachometer-alt-slow;
tachometer-alt-slowest;;f628;regular;tachometer-alt-slowest;
tachometer-average;;f629;regular;tachometer-average;
tachometer-fast;;f62a;regular;tachometer-fast;
tachometer-fastest;;f62b;regular;tachometer-fastest;
tachometer-slow;;f62c;regular;tachometer-slow;
tachometer-slowest;;f62d;regular;tachometer-slowest;
taco;;f826;regular;taco;
tag;;f02b;regular;tag;
tags;;f02c;regular;tags;
tally;;f69c;regular;tally;
tanakh;;f827;regular;tanakh;
tape;;f4db;regular;tape;
tasks;;f0ae;regular;tasks;
tasks-alt;;f828;regular;tasks-alt;
taxi;;f1ba;regular;taxi;
teeth;;f62e;regular;teeth;
teeth-open;;f62f;regular;teeth-open;
telescope;;e03e;regular;telescope;
temperature-down;;e03f;regular;temperature-down;
temperature-frigid;;f768;regular;temperature-frigid;
temperature-high;;f769;regular;temperature-high;
temperature-hot;;f76a;regular;temperature-hot;
temperature-low;;f76b;regular;temperature-low;
temperature-up;;e040;regular;temperature-up;
tenge;;f7d7;regular;tenge;
tennis-ball;;f45e;regular;tennis-ball;
terminal;;f120;regular;terminal;
text;;f893;regular;text;
text-height;;f034;regular;text-height;
text-size;;f894;regular;text-size;
text-width;;f035;regular;text-width;
th;;f00a;regular;th;
th-large;;f009;regular;th-large;
th-list;;f00b;regular;th-list;
theater-masks;;f630;regular;theater-masks;
thermometer;;f491;regular;thermometer;
thermometer-empty;;f2cb;regular;thermometer-empty;
thermometer-full;;f2c7;regular;thermometer-full;
thermometer-half;;f2c9;regular;thermometer-half;
thermometer-quarter;;f2ca;regular;thermometer-quarter;
thermometer-three-quarters;;f2c8;regular;thermometer-three-quarters;
theta;;f69e;regular;theta;
thumbs-down;;f165;regular;thumbs-down;
thumbs-up;;f164;regular;thumbs-up;
thumbtack;;f08d;regular;thumbtack;
thunderstorm;;f76c;regular;thunderstorm;
thunderstorm-moon;;f76d;regular;thunderstorm-moon;
thunderstorm-sun;;f76e;regular;thunderstorm-sun;
ticket;;f145;regular;ticket;
ticket-alt;;f3ff;regular;ticket-alt;
tilde;;f69f;regular;tilde;
times;;f00d;regular;times;
times-circle;;f057;regular;times-circle;
times-hexagon;;f2ee;regular;times-hexagon;
times-octagon;;f2f0;regular;times-octagon;
times-square;;f2d3;regular;times-square;
tint;;f043;regular;tint;
tint-slash;;f5c7;regular;tint-slash;
tire;;f631;regular;tire;
tire-flat;;f632;regular;tire-flat;
tire-pressure-warning;;f633;regular;tire-pressure-warning;
tire-rugged;;f634;regular;tire-rugged;
tired;;f5c8;regular;tired;
toggle-off;;f204;regular;toggle-off;
toggle-on;;f205;regular;toggle-on;
toilet;;f7d8;regular;toilet;
toilet-paper;;f71e;regular;toilet-paper;
toilet-paper-alt;;f71f;regular;toilet-paper-alt;
toilet-paper-slash;;e072;regular;toilet-paper-slash;
tombstone;;f720;regular;tombstone;
tombstone-alt;;f721;regular;tombstone-alt;
toolbox;;f552;regular;toolbox;
tools;;f7d9;regular;tools;
tooth;;f5c9;regular;tooth;
toothbrush;;f635;regular;toothbrush;
torah;;f6a0;regular;torah;
torii-gate;;f6a1;regular;torii-gate;
tornado;;f76f;regular;tornado;
tractor;;f722;regular;tractor;
trademark;;f25c;regular;trademark;
traffic-cone;;f636;regular;traffic-cone;
traffic-light;;f637;regular;traffic-light;
traffic-light-go;;f638;regular;traffic-light-go;
traffic-light-slow;;f639;regular;traffic-light-slow;
traffic-light-stop;;f63a;regular;traffic-light-stop;
trailer;;e041;regular;trailer;
train;;f238;regular;train;
tram;;f7da;regular;tram;
transgender;;f224;regular;transgender;
transgender-alt;;f225;regular;transgender-alt;
transporter;;e042;regular;transporter;
transporter-1;;e043;regular;transporter-1;
transporter-2;;e044;regular;transporter-2;
transporter-3;;e045;regular;transporter-3;
transporter-empty;;e046;regular;transporter-empty;
trash;;f1f8;regular;trash;
trash-alt;;f2ed;regular;trash-alt;
trash-restore;;f829;regular;trash-restore;
trash-restore-alt;;f82a;regular;trash-restore-alt;
trash-undo;;f895;regular;trash-undo;
trash-undo-alt;;f896;regular;trash-undo-alt;
treasure-chest;;f723;regular;treasure-chest;
tree;;f1bb;regular;tree;
tree-alt;;f400;regular;tree-alt;
tree-christmas;;f7db;regular;tree-christmas;
tree-decorated;;f7dc;regular;tree-decorated;
tree-large;;f7dd;regular;tree-large;
tree-palm;;f82b;regular;tree-palm;
trees;;f724;regular;trees;
triangle;;f2ec;regular;triangle;
triangle-music;;f8e2;regular;triangle-music;
trophy;;f091;regular;trophy;
trophy-alt;;f2eb;regular;trophy-alt;
truck;;f0d1;regular;truck;
truck-container;;f4dc;regular;truck-container;
truck-couch;;f4dd;regular;truck-couch;
truck-loading;;f4de;regular;truck-loading;
truck-monster;;f63b;regular;truck-monster;
truck-moving;;f4df;regular;truck-moving;
truck-pickup;;f63c;regular;truck-pickup;
truck-plow;;f7de;regular;truck-plow;
truck-ramp;;f4e0;regular;truck-ramp;
trumpet;;f8e3;regular;trumpet;
tshirt;;f553;regular;tshirt;
tty;;f1e4;regular;tty;
turkey;;f725;regular;turkey;
turntable;;f8e4;regular;turntable;
turtle;;f726;regular;turtle;
tv;;f26c;regular;tv;
tv-alt;;f8e5;regular;tv-alt;
tv-music;;f8e6;regular;tv-music;
tv-retro;;f401;regular;tv-retro;
typewriter;;f8e7;regular;typewriter;
ufo;;e047;regular;ufo;
ufo-beam;;e048;regular;ufo-beam;
umbrella;;f0e9;regular;umbrella;
umbrella-beach;;f5ca;regular;umbrella-beach;
underline;;f0cd;regular;underline;
undo;;f0e2;regular;undo;
undo-alt;;f2ea;regular;undo-alt;
unicorn;;f727;regular;unicorn;
union;;f6a2;regular;union;
universal-access;;f29a;regular;universal-access;
university;;f19c;regular;university;
unlink;;f127;regular;unlink;
unlock;;f09c;regular;unlock;
unlock-alt;;f13e;regular;unlock-alt;
upload;;f093;regular;upload;
usb-drive;;f8e9;regular;usb-drive;
usd-circle;;f2e8;regular;usd-circle;
usd-square;;f2e9;regular;usd-square;
user;;f007;regular;user;
user-alien;;e04a;regular;user-alien;
user-alt;;f406;regular;user-alt;
user-alt-slash;;f4fa;regular;user-alt-slash;
user-astronaut;;f4fb;regular;user-astronaut;
user-chart;;f6a3;regular;user-chart;
user-check;;f4fc;regular;user-check;
user-circle;;f2bd;regular;user-circle;
user-clock;;f4fd;regular;user-clock;
user-cog;;f4fe;regular;user-cog;
user-cowboy;;f8ea;regular;user-cowboy;
user-crown;;f6a4;regular;user-crown;
user-edit;;f4ff;regular;user-edit;
user-friends;;f500;regular;user-friends;
user-graduate;;f501;regular;user-graduate;
user-hard-hat;;f82c;regular;user-hard-hat;
user-headset;;f82d;regular;user-headset;
user-injured;;f728;regular;user-injured;
user-lock;;f502;regular;user-lock;
user-md;;f0f0;regular;user-md;
user-md-chat;;f82e;regular;user-md-chat;
user-minus;;f503;regular;user-minus;
user-music;;f8eb;regular;user-music;
user-ninja;;f504;regular;user-ninja;
user-nurse;;f82f;regular;user-nurse;
user-plus;;f234;regular;user-plus;
user-robot;;e04b;regular;user-robot;
user-secret;;f21b;regular;user-secret;
user-shield;;f505;regular;user-shield;
user-slash;;f506;regular;user-slash;
user-tag;;f507;regular;user-tag;
user-tie;;f508;regular;user-tie;
user-times;;f235;regular;user-times;
user-unlock;;e058;regular;user-unlock;
user-visor;;e04c;regular;user-visor;
users;;f0c0;regular;users;
users-class;;f63d;regular;users-class;
users-cog;;f509;regular;users-cog;
users-crown;;f6a5;regular;users-crown;
users-medical;;f830;regular;users-medical;
users-slash;;e073;regular;users-slash;
utensil-fork;;f2e3;regular;utensil-fork;
utensil-knife;;f2e4;regular;utensil-knife;
utensil-spoon;;f2e5;regular;utensil-spoon;
utensils;;f2e7;regular;utensils;
utensils-alt;;f2e6;regular;utensils-alt;
vacuum;;e04d;regular;vacuum;
vacuum-robot;;e04e;regular;vacuum-robot;
value-absolute;;f6a6;regular;value-absolute;
vector-square;;f5cb;regular;vector-square;
venus;;f221;regular;venus;
venus-double;;f226;regular;venus-double;
venus-mars;;f228;regular;venus-mars;
vest;;e085;regular;vest;
vest-patches;;e086;regular;vest-patches;
vhs;;f8ec;regular;vhs;
vial;;f492;regular;vial;
vials;;f493;regular;vials;
video;;f03d;regular;video;
video-plus;;f4e1;regular;video-plus;
video-slash;;f4e2;regular;video-slash;
vihara;;f6a7;regular;vihara;
violin;;f8ed;regular;violin;
virus;;e074;regular;virus;
virus-slash;;e075;regular;virus-slash;
viruses;;e076;regular;viruses;
voicemail;;f897;regular;voicemail;
volcano;;f770;regular;volcano;
volleyball-ball;;f45f;regular;volleyball-ball;
volume;;f6a8;regular;volume;
volume-down;;f027;regular;volume-down;
volume-mute;;f6a9;regular;volume-mute;
volume-off;;f026;regular;volume-off;
volume-slash;;f2e2;regular;volume-slash;
volume-up;;f028;regular;volume-up;
vote-nay;;f771;regular;vote-nay;
vote-yea;;f772;regular;vote-yea;
vr-cardboard;;f729;regular;vr-cardboard;
wagon-covered;;f8ee;regular;wagon-covered;
walker;;f831;regular;walker;
walkie-talkie;;f8ef;regular;walkie-talkie;
walking;;f554;regular;walking;
wallet;;f555;regular;wallet;
wand;;f72a;regular;wand;
wand-magic;;f72b;regular;wand-magic;
warehouse;;f494;regular;warehouse;
warehouse-alt;;f495;regular;warehouse-alt;
washer;;f898;regular;washer;
watch;;f2e1;regular;watch;
watch-calculator;;f8f0;regular;watch-calculator;
watch-fitness;;f63e;regular;watch-fitness;
water;;f773;regular;water;
water-lower;;f774;regular;water-lower;
water-rise;;f775;regular;water-rise;
wave-sine;;f899;regular;wave-sine;
wave-square;;f83e;regular;wave-square;
wave-triangle;;f89a;regular;wave-triangle;
waveform;;f8f1;regular;waveform;
waveform-path;;f8f2;regular;waveform-path;
webcam;;f832;regular;webcam;
webcam-slash;;f833;regular;webcam-slash;
weight;;f496;regular;weight;
weight-hanging;;f5cd;regular;weight-hanging;
whale;;f72c;regular;whale;
wheat;;f72d;regular;wheat;
wheelchair;;f193;regular;wheelchair;
whistle;;f460;regular;whistle;
wifi;;f1eb;regular;wifi;
wifi-1;;f6aa;regular;wifi-1;
wifi-2;;f6ab;regular;wifi-2;
wifi-slash;;f6ac;regular;wifi-slash;
wind;;f72e;regular;wind;
wind-turbine;;f89b;regular;wind-turbine;
wind-warning;;f776;regular;wind-warning;
window;;f40e;regular;window;
window-alt;;f40f;regular;window-alt;
window-close;;f410;regular;window-close;
window-frame;;e04f;regular;window-frame;
window-frame-open;;e050;regular;window-frame-open;
window-maximize;;f2d0;regular;window-maximize;
window-minimize;;f2d1;regular;window-minimize;
window-restore;;f2d2;regular;window-restore;
windsock;;f777;regular;windsock;
wine-bottle;;f72f;regular;wine-bottle;
wine-glass;;f4e3;regular;wine-glass;
wine-glass-alt;;f5ce;regular;wine-glass-alt;
won-sign;;f159;regular;won-sign;
wreath;;f7e2;regular;wreath;
wrench;;f0ad;regular;wrench;
x-ray;;f497;regular;x-ray;
yen-sign;;f157;regular;yen-sign;
yin-yang;;f6ad;regular;yin-yang;